scenario,n_runs_setting,base_seed,agent_setup,tau,beta,fx_cost,n_observations,final_gap_mean,final_gap_std,recovery_time_mean,recovery_time_std,recovery_b_mean,recovery_b_std,vol_before_mean,vol_after_mean
baseline,20,42,baseline_agents,0.0,0.0,0.0,20,12.19025000000001,0.19120170528858418,0.0,0.0,1.0,0.0,0.00021608406782167494,0.0004180631933058209
baseline,20,42,high_agents,0.0,0.0,0.0,20,12.194300000000009,0.2055260516205583,214.0909090909091,47.64127316824047,1.0,0.0,0.00030692662546233954,0.0007832836391878015
baseline,20,42,low_agents,0.0,0.0,0.0,20,6.600100000000009,1.9399447876028248,0.631578947368421,1.01162829777814,1.0,0.0,0.0003018221154249,0.005243437583365272
baseline,20,142,baseline_agents,0.0,0.0,0.0,20,12.069800000000006,0.874476661540458,0.0,,1.0,0.0,0.00015132378115617702,0.0010827550761289347
baseline,20,142,high_agents,0.0,0.0,0.0,20,12.173200000000005,0.1608901554019492,190.1,48.065811365483285,1.0,0.0,0.00031004861249131976,0.0007809396077262426
baseline,20,142,low_agents,0.0,0.0,0.0,20,6.669050000000008,1.9398764875223637,1.5,2.5026301953618404,1.0,0.0,0.0003047025156345083,0.008668312123173337
baseline,20,242,baseline_agents,0.0,0.0,0.0,20,11.777200000000008,1.9795224198089598,0.0,0.0,1.0,0.0,0.00019675463656895287,0.00046896678895312096
baseline,20,242,high_agents,0.0,0.0,0.0,20,12.17805000000001,0.1842119702950888,183.7,57.14124799321609,1.0,0.0,0.00030528004460744714,0.0007886509659892618
baseline,20,242,low_agents,0.0,0.0,0.0,20,6.804800000000012,1.5013411758543718,0.7,0.8013147091860318,1.0,0.0,0.00028784707336530904,0.007409256435172896
baseline,50,42,baseline_agents,0.0,0.0,0.0,50,12.073640000000006,0.8157758735819336,0.0,0.0,1.0,0.0,0.00016323264741720006,0.0006924530076561367
baseline,50,42,high_agents,0.0,0.0,0.0,50,12.21560000000001,0.17921415760400866,191.78947368421052,49.24719839450364,1.0,0.0,0.00030704296370888287,0.0007813793816654687
baseline,50,42,low_agents,0.0,0.0,0.0,50,6.48218000000001,1.624658666694424,1.5,2.705392566000398,1.0,0.0,0.0003104334123052184,0.006407532906695039
baseline,50,142,baseline_agents,0.0,0.0,0.0,50,12.139200000000008,0.5618349310926809,0.0,0.0,1.0,0.0,0.0001323348825901253,0.0007027246682264938
baseline,50,142,high_agents,0.0,0.0,0.0,50,12.204580000000007,0.17941197489212807,177.8695652173913,49.71491851074126,1.0,0.0,0.00029857986109076715,0.0007812411366803812
baseline,50,142,low_agents,0.0,0.0,0.0,50,6.721380000000008,1.725435950709269,1.4565217391304348,2.0731781478807463,1.0,0.0,0.0003005127704048415,0.008373261742416519
baseline,50,242,baseline_agents,0.0,0.0,0.0,50,12.051040000000008,1.2612230371301325,0.0,0.0,1.0,0.0,0.0001831143940010654,0.0004232185950243824
baseline,50,242,high_agents,0.0,0.0,0.0,50,12.154060000000008,0.2007730376645731,172.43478260869566,51.73518767984489,1.0,0.0,0.00030250719361644344,0.0007916960742902375
baseline,50,242,low_agents,0.0,0.0,0.0,50,6.620600000000009,1.3843304577760798,1.24,1.6849877368899124,1.0,0.0,0.00030049463899500177,0.009399253879221336
baseline,100,42,baseline_agents,0.0,0.0,0.0,100,12.086920000000006,0.8635307213218686,0.0,0.0,1.0,0.0,0.00018029525352260183,0.000691497689465494
baseline,100,42,high_agents,0.0,0.0,0.0,100,12.188420000000008,0.19382394281430002,192.11363636363637,49.48770855573383,1.0,0.0,0.0003059060230928282,0.0007832220549313379
baseline,100,42,low_agents,0.0,0.0,0.0,100,6.6346700000000105,1.6549201210849158,1.684782608695652,2.9461442405774405,1.0,0.0,0.0003116793128425428,0.007504691641903455
baseline,100,142,baseline_agents,0.0,0.0,0.0,100,12.064330000000007,0.8355299903339654,0.9473684210526315,4.129483209670112,1.0,0.0,0.00012995180968160866,0.0008134509324762519
baseline,100,142,high_agents,0.0,0.0,0.0,100,12.187090000000007,0.17742416761119334,190.72,54.60546432999061,1.0,0.0,0.0003031078246743999,0.0007821024886386889
baseline,100,142,low_agents,0.0,0.0,0.0,100,6.6561900000000085,1.5207462927022626,1.967741935483871,3.555313270925356,1.0,0.0,0.00029652204053618353,0.008706586796532807
baseline,100,242,baseline_agents,0.0,0.0,0.0,100,12.162800000000006,0.9160198820126254,0.0,0.0,1.1030927835051547,1.015346165133619,0.0001577276140308795,0.0005754790422218237
baseline,100,242,high_agents,0.0,0.0,0.0,100,12.180480000000006,0.19321446084283497,191.82978723404256,54.83664244190715,1.0,0.0,0.0003031902252523826,0.0007857481659697993
baseline,100,242,low_agents,0.0,0.0,0.0,100,6.577480000000009,1.3188477790262314,1.24,1.6150804464437207,1.0,0.0,0.0002979349386052286,0.00861933589101721
high_transport,20,42,baseline_agents,1.0,0.0,0.001,20,8.183700000000007,3.60529632478021,1.8,3.492849839314596,1.0,0.0,0.0003518053699110916,0.0019086692011095463
high_transport,20,42,high_agents,1.0,0.0,0.001,20,12.194300000000009,0.2055260516205583,150.375,43.696804394437294,1.0,0.0,0.00030621382199905585,0.0007857645967652334
high_transport,20,42,low_agents,1.0,0.0,0.001,20,8.867000000000008,0.9744639552081964,0.35,0.5871429486123998,1.0,0.0,0.0004121059572947127,0.004645437943714135
high_transport,20,142,baseline_agents,1.0,0.0,0.001,20,8.114500000000005,4.018691440598151,7.888888888888889,7.688375063113864,1.0,0.0,0.0003420363004435101,0.006666058745313318
high_transport,20,142,high_agents,1.0,0.0,0.001,20,12.173200000000005,0.1608901554019492,169.8,56.355616894463644,1.0,0.0,0.00030838145446555177,0.0007862858333131684
high_transport,20,142,low_agents,1.0,0.0,0.001,20,8.73800000000001,1.1293295635720784,0.45,0.5104177855340404,1.0,0.0,0.0004286985306042309,0.0069033004825938635
high_transport,20,242,baseline_agents,1.0,0.0,0.001,20,7.555550000000009,3.3045140653195486,8.666666666666666,11.07925990308017,1.0,0.0,0.0006204260139722471,0.004806067854086529
high_transport,20,242,high_agents,1.0,0.0,0.001,20,12.17805000000001,0.1842119702950888,173.0,78.68608517393656,1.0,0.0,0.0003065256705153595,0.0007891817099522962
high_transport,20,242,low_agents,1.0,0.0,0.001,20,8.749000000000011,0.8080769895576961,0.75,1.446411166701189,1.0,0.0,0.0004026462079738216,0.005244923431686243
high_transport,50,42,baseline_agents,1.0,0.0,0.001,50,8.847940000000008,3.9103572696006146,5.636363636363637,8.732384866377881,1.0,0.0,0.00033588353508392886,0.0028316599233043993
high_transport,50,42,high_agents,1.0,0.0,0.001,50,12.21560000000001,0.17921415760400866,171.73333333333332,61.901380860049905,1.0,0.0,0.0003074979072846789,0.0007828337490092134
high_transport,50,42,low_agents,1.0,0.0,0.001,50,8.838600000000008,0.8788652470367575,0.38,0.8545197959278962,1.0,0.0,0.00041148305597315615,0.004002022164304317
high_transport,50,142,baseline_agents,1.0,0.0,0.001,50,8.209620000000006,3.8767453680337907,5.15,6.141103963843704,1.0,0.0,0.00034836874417295535,0.0061210828431732455
high_transport,50,142,high_agents,1.0,0.0,0.001,50,12.204580000000007,0.17941197489212807,163.75,61.87663041330181,1.0,0.0,0.00029810506701139785,0.0007867485065051997
high_transport,50,142,low_agents,1.0,0.0,0.001,50,8.734000000000009,1.05884033600107,0.68,1.0583005244258363,1.0,0.0,0.0004199187534349885,0.006958754895065287
high_transport,50,242,baseline_agents,1.0,0.0,0.001,50,8.62424000000001,3.357814738602401,11.631578947368421,24.178067486224393,1.0,0.0,0.00043850370290836045,0.004504506168549719
high_transport,50,242,high_agents,1.0,0.0,0.001,50,12.154060000000008,0.2007730376645731,168.93333333333334,67.70995565821983,1.0,0.0,0.00030253046264292984,0.0007932818813172378
high_transport,50,242,low_agents,1.0,0.0,0.001,50,8.93880000000001,0.9451263601945995,0.86,1.324956680077365,1.0,0.0,0.00040462125358814487,0.007207340681921217
high_transport,100,42,baseline_agents,1.0,0.0,0.001,100,8.874980000000008,3.595441575218277,4.733333333333333,6.2197313021757115,1.0,0.0,0.00036581964946360825,0.004073679760389634
high_transport,100,42,high_agents,1.0,0.0,0.001,100,12.188420000000008,0.19382394281430002,173.6764705882353,59.99430305693189,1.0,0.0,0.00030703280588746933,0.0007854257777551432
high_transport,100,42,low_agents,1.0,0.0,0.001,100,8.90910000000001,0.8617378436108698,0.55,1.104398917826783,1.0,0.0,0.00042027606724556017,0.004695988445719767
high_transport,100,142,baseline_agents,1.0,0.0,0.001,100,8.138310000000008,3.6356358778434665,7.461538461538462,20.597452772824727,1.0,0.0,0.0003432400086696329,0.005296854548025281
high_transport,100,142,high_agents,1.0,0.0,0.001,100,12.187090000000007,0.17742416761119334,174.0909090909091,65.46428750616032,1.0,0.0,0.00030294917710895673,0.000785273146026442
high_transport,100,142,low_agents,1.0,0.0,0.001,100,8.827900000000009,1.0150198236607224,0.71,1.0278446606684524,1.0,0.0,0.0004175793253828837,0.006929883052957774
high_transport,100,242,baseline_agents,1.0,0.0,0.001,100,8.777800000000008,3.435133091094922,16.55,40.808464431178606,1.0,0.0,0.0003995391125727486,0.004772732164384623
high_transport,100,242,high_agents,1.0,0.0,0.001,100,12.180480000000006,0.19321446084283497,171.42424242424244,63.21986945525428,1.0,0.0,0.0003033495828038872,0.0007890938200565177
high_transport,100,242,low_agents,1.0,0.0,0.001,100,9.09790000000001,0.9408305969308246,0.73,1.254124508503156,1.0,0.0,0.00040184347174882423,0.006642409111338871
mixed,20,42,baseline_agents,0.5,0.4,0.005,20,3.5928500000000083,1.4028132739530754,9.636363636363637,13.298667055556562,10.0,7.847225456708955,0.0004177534690082131,0.0049694135530395315
mixed,20,42,high_agents,0.5,0.4,0.005,20,5.089100000000012,0.11910716094959888,33.65,3.5135077688978096,58.6,4.535242116208525,0.00028831624250700617,0.001048114247072874
mixed,20,42,low_agents,0.5,0.4,0.005,20,7.644000000000008,0.8962107364959,0.15,0.36634754853252327,1.2,0.6958523739384593,0.00048268336064625513,0.0023874765793680582
mixed,20,142,baseline_agents,0.5,0.4,0.005,20,3.7958000000000047,2.0533852306041265,18.066666666666666,47.71263185043598,9.25,5.9016054907475,0.0005509877945704003,0.008587490624093834
mixed,20,142,high_agents,0.5,0.4,0.005,20,5.099600000000011,0.10126484296661145,34.75,3.781882015471578,58.55,3.899730085126676,0.0002910083000158221,0.0010449221691870682
mixed,20,142,low_agents,0.5,0.4,0.005,20,7.421500000000011,0.9678205303398832,0.35,0.5871429486123998,1.05,0.22360679774997894,0.00042881912451885474,0.004491909185618037
mixed,20,242,baseline_agents,0.5,0.4,0.005,20,2.30015,2.0593313752667166,5.6,3.960519446450716,6.25,6.820055563903922,0.000581160568818967,0.008623551298753241
mixed,20,242,high_agents,0.5,0.4,0.005,20,5.068500000000009,0.1213301281627952,34.55,4.198684004354347,58.3,4.2686124948956135,0.0002848451695231822,0.0010537440104471476
mixed,20,242,low_agents,0.5,0.4,0.005,20,7.581500000000011,0.6380585272610384,0.2,0.5231483637805969,1.15,0.48936048492959283,0.0004459611068101969,0.002328819634009343
mixed,50,42,baseline_agents,0.5,0.4,0.005,50,3.610760000000007,1.6560616246051365,10.125,12.447956173734939,9.8,7.1827457657008775,0.0004378991530026901,0.006374738719652218
mixed,50,42,high_agents,0.5,0.4,0.005,50,5.098700000000011,0.10885793962963085,34.18,3.578222110125049,58.7,5.088001091002323,0.000287314989841651,0.0010481106040830432
mixed,50,42,low_agents,0.5,0.4,0.005,50,7.520800000000008,0.8176118534226022,0.2,0.4517539514526256,1.28,0.83397254396151,0.00045794150709417244,0.0027963941317216347
mixed,50,142,baseline_agents,0.5,0.4,0.005,50,3.446900000000004,1.993910087936647,12.0,33.07176946405908,9.82,6.9095910862794065,0.0005084024077082448,0.007556392744662284
mixed,50,142,high_agents,0.5,0.4,0.005,50,5.097380000000009,0.0998410757562394,34.44,3.7966687869171607,59.22,4.291852746774988,0.0002803235967806537,0.0010456830462800876
mixed,50,142,low_agents,0.5,0.4,0.005,50,7.43760000000001,0.8761384663652783,0.34,0.5573259772323189,1.04,0.19794866372215741,0.00042746550392420664,0.0045010636589077405
mixed,50,242,baseline_agents,0.5,0.4,0.005,50,3.017120000000002,2.053056364127817,6.193548387096774,5.062406244983438,8.82,7.988997536152647,0.0005551130540513009,0.007203039884814552
mixed,50,242,high_agents,0.5,0.4,0.005,50,5.06116000000001,0.11745330987247711,35.08,5.302444565230921,58.5,4.4228073086893485,0.00028261441817940705,0.0010556848182002093
mixed,50,242,low_agents,0.5,0.4,0.005,50,7.639200000000011,0.7875740068885787,0.26,0.5646020812962715,1.1,0.41649656391752143,0.0004557337596707095,0.00304113156881579
mixed,100,42,baseline_agents,0.5,0.4,0.005,100,3.585570000000007,1.7238664626093,11.301587301587302,17.691473179085108,10.48,7.794688686353786,0.00046769064827856667,0.006325480345468113
mixed,100,42,high_agents,0.5,0.4,0.005,100,5.093000000000011,0.11280088831228542,34.31,3.9278724289597062,58.44,4.452487671476078,0.00028590093688547996,0.0010488369923056524
mixed,100,42,low_agents,0.5,0.4,0.005,100,7.516900000000009,0.7383529240167199,0.26,0.6133201579612528,1.18,0.6257117159804119,0.00045343390059685295,0.0030269857661759754
mixed,100,142,baseline_agents,0.5,0.4,0.005,100,3.2563000000000044,1.8836694926594133,10.121212121212121,23.835665036640528,9.55,8.420003838862824,0.000486327742518263,0.007008574501506187
mixed,100,142,high_agents,0.5,0.4,0.005,100,5.08012000000001,0.09233801322786185,34.85,4.063573090597273,58.68,4.62072625364359,0.0002851295935121781,0.001046500115555034
mixed,100,142,low_agents,0.5,0.4,0.005,100,7.54310000000001,0.8349023955535234,0.32,0.5839607015973772,1.07,0.2931886695621029,0.00044440922458873454,0.0040541335985895864
mixed,100,242,baseline_agents,0.5,0.4,0.005,100,3.318770000000004,1.9551176453532753,8.492063492063492,13.577582349134055,9.56,8.130650327463036,0.0004943802134914911,0.00679866426985761
mixed,100,242,high_agents,0.5,0.4,0.005,100,5.08371000000001,0.1113143056685198,34.8,4.554939598663712,58.67,4.629843900765397,0.0002848215202492076,0.001051861605956684
mixed,100,242,low_agents,0.5,0.4,0.005,100,7.7356000000000105,0.7960779110137657,0.28,0.5140451577852126,1.13,0.5441145155760928,0.0004512066205521407,0.003774257498419823
moderate_transport,20,42,baseline_agents,0.5,0.0,0.001,20,5.995050000000011,3.8721543503788576,3.1,6.384877968032487,1.0,0.0,0.0004317962552706593,0.004926819998688445
moderate_transport,20,42,high_agents,0.5,0.0,0.001,20,12.194300000000009,0.2055260516205583,223.5,81.31727983645297,1.0,0.0,0.00030875198105306025,0.0007785867681765655
moderate_transport,20,42,low_agents,0.5,0.0,0.001,20,7.56750000000001,0.943324886825987,0.15,0.36634754853252327,1.0,0.0,0.00047677688582900053,0.0024829359614100327
moderate_transport,20,142,baseline_agents,0.5,0.0,0.001,20,5.861400000000002,4.893494332166679,4.285714285714286,6.718843437888484,1.0,0.0,0.0004362512146812212,0.009761781822481134
moderate_transport,20,142,high_agents,0.5,0.0,0.001,20,12.173200000000005,0.1608901554019492,212.0,56.821357487010694,1.0,0.0,0.00031116686293972655,0.0007772506292438705
moderate_transport,20,142,low_agents,0.5,0.0,0.001,20,7.34200000000001,0.9584779601013279,0.35,0.5871429486123998,1.0,0.0,0.00043471512336185704,0.0046698844034025995
moderate_transport,20,242,baseline_agents,0.5,0.0,0.001,20,3.770350000000002,4.379403447418744,2.9375,3.5490609086536304,1.0,0.0,0.0006254530209666386,0.008462897429497719
moderate_transport,20,242,high_agents,0.5,0.0,0.001,20,12.17805000000001,0.1842119702950888,177.66666666666666,106.0062891216051,1.0,0.0,0.0003079914277007379,0.0007867463563962923
moderate_transport,20,242,low_agents,0.5,0.0,0.001,20,7.513000000000011,0.6124850159284237,0.2,0.5231483637805969,1.0,0.0,0.0004520316872241454,0.002445049543947202
moderate_transport,50,42,baseline_agents,0.5,0.0,0.001,50,6.385400000000007,4.093457063985637,3.56,5.650073745831405,1.0,0.0,0.0004531136211716987,0.00577758942650906
moderate_transport,50,42,high_agents,0.5,0.0,0.001,50,12.21560000000001,0.17921415760400866,219.25,77.96740772057686,1.0,0.0,0.0003100593529395707,0.0007775408756858958
moderate_transport,50,42,low_agents,0.5,0.0,0.001,50,7.477600000000009,0.8362539405355428,0.2,0.4517539514526256,1.0,0.0,0.00045673610577449584,0.0029089544925699367
moderate_transport,50,142,baseline_agents,0.5,0.0,0.001,50,6.0424200000000035,4.762844747134445,4.9,6.727965312141503,1.0,0.0,0.0004771815121915901,0.00836326231263998
moderate_transport,50,142,high_agents,0.5,0.0,0.001,50,12.204580000000007,0.17941197489212807,169.77777777777777,54.35940069982785,1.0,0.0,0.00029965180113394944,0.0007780162350851645
moderate_transport,50,142,low_agents,0.5,0.0,0.001,50,7.388600000000009,0.8558252014928088,0.34,0.5573259772323189,1.0,0.0,0.0004329757316321383,0.004687480516753884
moderate_transport,50,242,baseline_agents,0.5,0.0,0.001,50,4.7300400000000025,4.295906314107869,3.96875,4.617528839178501,1.0,0.0,0.0005463583328899422,0.00814800452442502
moderate_transport,50,242,high_agents,0.5,0.0,0.001,50,12.154060000000008,0.2007730376645731,197.55555555555554,78.16506750318699,1.0,0.0,0.0003047939429873634,0.0007897016101318713
moderate_transport,50,242,low_agents,0.5,0.0,0.001,50,7.595200000000011,0.7750108360006112,0.26,0.5646020812962715,1.0,0.0,0.0004579185728681901,0.0031948695632251704
moderate_transport,100,42,baseline_agents,0.5,0.0,0.001,100,6.298220000000006,4.179504541657709,3.94,5.160327469438034,1.0,0.0,0.00048420597751060683,0.00634606363178783
moderate_transport,100,42,high_agents,0.5,0.0,0.001,100,12.188420000000008,0.19382394281430002,227.54545454545453,58.2638200538956,1.0,0.0,0.0003087005040651746,0.0007796373314896732
moderate_transport,100,42,low_agents,0.5,0.0,0.001,100,7.465700000000009,0.753558902941249,0.28,0.6208498574168682,1.0,0.0,0.00045497618714528137,0.003473356857122451
moderate_transport,100,142,baseline_agents,0.5,0.0,0.001,100,5.420780000000003,4.445066089156576,6.065573770491803,7.496374351331485,1.0,0.0,0.00047564000338592863,0.007916256660942455
moderate_transport,100,142,high_agents,0.5,0.0,0.001,100,12.187090000000007,0.17742416761119334,195.13333333333333,60.71345657697156,1.0,0.0,0.00030417538560906254,0.0007788051006599868
moderate_transport,100,142,low_agents,0.5,0.0,0.001,100,7.496700000000009,0.8265604220582621,0.29,0.5182526976156117,1.0,0.0,0.0004493171613805829,0.004095298617910475
moderate_transport,100,242,baseline_agents,0.5,0.0,0.001,100,5.360290000000004,4.342609563861508,6.017241379310345,16.925524562925293,1.0,0.0,0.0004979521960402525,0.007350208055048737
moderate_transport,100,242,high_agents,0.5,0.0,0.001,100,12.180480000000006,0.19321446084283497,193.2,68.84579040974734,1.0,0.0,0.000306378457137876,0.0007840642434669495
moderate_transport,100,242,low_agents,0.5,0.0,0.001,100,7.68520000000001,0.7792349005935443,0.28,0.5140451577852126,1.0,0.0,0.0004538465872002451,0.003943109414104533
stress,20,42,baseline_agents,1.0,0.6,0.01,20,4.325450000000009,1.3233442276055187,14.235294117647058,16.81713936644958,28.3,27.168286465540742,0.0002611176329396926,0.0027046894154878058
stress,20,42,high_agents,1.0,0.6,0.01,20,3.910850000000007,0.10446972616127073,21.05,2.438183102661747,62.05,3.6051863226541605,0.0002886766205207097,0.0009965088056595967
stress,20,42,low_agents,1.0,0.6,0.01,20,8.91350000000001,0.97905042609771,0.4,0.5982430416161189,1.15,0.6708203932499369,0.00042247386176018625,0.005010907561281225
stress,20,142,baseline_agents,1.0,0.6,0.01,20,4.051750000000006,1.3959907960411426,12.61111111111111,12.893860321367224,27.9,29.307624299920032,0.0003330073835388895,0.0037810584259190894
stress,20,142,high_agents,1.0,0.6,0.01,20,3.914350000000007,0.07658107159289523,20.8,3.053901732124609,62.6,3.2019730759248057,0.0002889606484187812,0.0009880452903737015
stress,20,142,low_agents,1.0,0.6,0.01,20,8.81100000000001,1.1350673525112271,0.5,0.512989176042577,1.25,0.5501196042201808,0.00044277012127829946,0.0071883565941898205
stress,20,242,baseline_agents,1.0,0.6,0.01,20,4.228450000000008,0.9121545041678432,10.882352941176471,15.119864222857528,24.95,26.593380656412265,0.0006075745636066911,0.006238467166558707
stress,20,242,high_agents,1.0,0.6,0.01,20,3.8775000000000075,0.11663325336058171,20.55,2.6252819397462623,62.95,3.8726435959241883,0.0002863006501783878,0.0009954385367806945
stress,20,242,low_agents,1.0,0.6,0.01,20,8.827000000000009,0.8143844947340033,0.75,1.446411166701189,1.2,0.5231483637805969,0.0004007167224277003,0.004623896407709922
stress,50,42,baseline_agents,1.0,0.6,0.01,50,4.041240000000008,1.2113655064447246,17.95,30.722037525912725,28.714285714285715,24.517000904134527,0.0002958777550005473,0.003296335253107148
stress,50,42,high_agents,1.0,0.6,0.01,50,3.9134600000000086,0.09834346517617304,20.54,2.5088415084029747,63.16,4.765351133817048,0.0002872259858691936,0.0009929498967302308
stress,50,42,low_agents,1.0,0.6,0.01,50,8.88280000000001,0.8818511142789943,0.58,1.2468736413731025,1.3,0.839095723176481,0.0004162249574617713,0.004035082634959403
stress,50,142,baseline_agents,1.0,0.6,0.01,50,4.009160000000007,1.3433876818228885,12.170731707317072,13.615987733220807,27.6734693877551,29.07632753855362,0.0003297966025462471,0.00445245325725679
stress,50,142,high_agents,1.0,0.6,0.01,50,3.910500000000008,0.09300104234658592,20.7,2.873169337302681,63.3,4.166190448976481,0.00027879927742351486,0.0009886945959115172
stress,50,142,low_agents,1.0,0.6,0.01,50,8.810800000000008,1.0640907587499968,0.7,1.0546302185881,1.26,0.8033094811148314,0.00042103725812541224,0.006655384704239622
stress,50,242,baseline_agents,1.0,0.6,0.01,50,4.211140000000007,1.0976875695789592,21.195121951219512,42.53364521892941,27.76,26.704398475891264,0.0004311594247334101,0.004309152964015881
stress,50,242,high_agents,1.0,0.6,0.01,50,3.872080000000009,0.11497130786701934,20.54,2.4007651841418722,63.4,3.7688302737922625,0.0002815523148672736,0.0009974869777295992
stress,50,242,low_agents,1.0,0.6,0.01,50,8.99940000000001,0.9596542957476603,0.82,1.3353895709202048,1.2,0.67005939426049,0.0004005869542699001,0.005904436633565903
stress,100,42,baseline_agents,1.0,0.6,0.01,100,4.100580000000007,1.0802910679604614,15.759036144578314,26.02231235926331,27.31578947368421,24.734446287448932,0.00032578783266260327,0.0038087091780714625
stress,100,42,high_agents,1.0,0.6,0.01,100,3.9045500000000084,0.10558613459248309,20.43,2.5316381888397723,62.96,4.614251091056178,0.0002852214595047982,0.0009917885108668466
stress,100,42,low_agents,1.0,0.6,0.01,100,8.975000000000009,0.8652091473666172,0.66,1.2809403111808453,1.27,0.8147007878585695,0.0004219658479300283,0.004399613082607174
stress,100,142,baseline_agents,1.0,0.6,0.01,100,3.9742100000000073,1.2975027552568035,15.378048780487806,18.321302614144894,25.628865979381445,27.115616498165796,0.0003397238675078125,0.003694199531758549
stress,100,142,high_agents,1.0,0.6,0.01,100,3.8911500000000077,0.0893507869652709,20.74,2.6841096185596536,63.18,4.5224021506408745,0.00028242516840049114,0.0009889547472164847
stress,100,142,low_agents,1.0,0.6,0.01,100,8.89760000000001,1.0195514165107569,0.76,1.1111919162536574,1.21,0.6558978733019495,0.00041678596195665005,0.006741171559903089
stress,100,242,baseline_agents,1.0,0.6,0.01,100,4.360670000000008,1.5634638703335573,18.569767441860463,32.347939546228545,28.656565656565657,34.220820019087924,0.0003836575199837267,0.004400756306218446
stress,100,242,high_agents,1.0,0.6,0.01,100,3.8930000000000087,0.10800888478231398,20.71,2.43830956511956,63.29,4.542270602047197,0.00028309164853504936,0.0009947185736809414
stress,100,242,low_agents,1.0,0.6,0.01,100,9.159900000000011,0.9355304172586592,0.76,1.4363252775852353,1.16,0.6311765508824281,0.0003991691392043804,0.005841139345311914
strong_spillover,20,42,baseline_agents,0.0,0.6,0.001,20,2.950100000000005,1.7803144577352235,7.3125,5.884655186726462,11.9,8.795333691045618,0.000569518576758544,0.007859103449329405
strong_spillover,20,42,high_agents,0.0,0.6,0.001,20,3.910850000000007,0.10446972616127073,20.7,2.2734161635370627,64.25,4.191156102280636,0.00028636108477398764,0.0009902449865199798
strong_spillover,20,42,low_agents,0.0,0.6,0.001,20,7.302000000000009,0.9666306103378403,0.2,0.41039134083406165,1.2,0.6958523739384593,0.00045117820648641016,0.0030212233245544345
strong_spillover,20,142,baseline_agents,0.0,0.6,0.001,20,2.8105,2.0318433554417195,5.222222222222222,3.5901098714230026,10.2,8.17312669668102,0.0005704588453912407,0.007355466925531957
strong_spillover,20,142,high_agents,0.0,0.6,0.001,20,3.914350000000007,0.07658107159289523,21.05,2.762054917705485,64.6,3.2346804934547775,0.0002872754042347943,0.0009858000858124802
strong_spillover,20,142,low_agents,0.0,0.6,0.001,20,6.9910000000000085,1.0716485087545171,0.35,0.5871429486123998,1.05,0.22360679774997894,0.0004020958269070476,0.004388755850173162
strong_spillover,20,242,baseline_agents,0.0,0.6,0.001,20,2.0327999999999973,2.0285318673469592,4.411764705882353,4.988221420624437,8.25,8.546313455766207,0.0006861774875167821,0.008554468872133092
strong_spillover,20,242,high_agents,0.0,0.6,0.001,20,3.8775000000000075,0.11663325336058171,20.65,2.560324814919922,63.8,4.21276256404899,0.0002836825566866624,0.0009938113736696996
strong_spillover,20,242,low_agents,0.0,0.6,0.001,20,7.203000000000007,0.6507817161731431,0.2,0.5231483637805969,1.0,0.0,0.0004519064950161673,0.0022870474680392505
strong_spillover,50,42,baseline_agents,0.0,0.6,0.001,50,2.341580000000003,1.8718381241061317,10.761904761904763,25.84079731818446,9.78,8.524370824828285,0.0005371032899382562,0.0077838840609070845
strong_spillover,50,42,high_agents,0.0,0.6,0.001,50,3.9134600000000086,0.09834346517617304,20.4,2.3211538298959886,64.72,4.861510641177875,0.00028586353566788805,0.0009889030346016663
strong_spillover,50,42,low_agents,0.0,0.6,0.001,50,7.11580000000001,0.8667110951458853,0.2,0.45175395145262565,1.14,0.49528388066742046,0.0004480677866474805,0.0027229048373563153
strong_spillover,50,142,baseline_agents,0.0,0.6,0.001,50,2.775400000000003,1.9208436815575651,6.926829268292683,5.2315879229084885,10.76,7.88322942216253,0.0005688420289507364,0.007862745558724883
strong_spillover,50,142,high_agents,0.0,0.6,0.001,50,3.910500000000008,0.09300104234658592,20.9,2.749768079274308,65.1,4.036820328841371,0.0002758012987387243,0.0009851939231734072
strong_spillover,50,142,low_agents,0.0,0.6,0.001,50,7.052000000000009,0.9084973015583332,0.34,0.5573259772323189,1.14,0.4522054797526976,0.0004123919104365095,0.0044095973257037265
strong_spillover,50,242,baseline_agents,0.0,0.6,0.001,50,2.2917199999999993,1.975261925695442,5.380952380952381,4.798131653417899,9.04,8.169030617184013,0.0006811603601164017,0.008001876162470117
strong_spillover,50,242,high_agents,0.0,0.6,0.001,50,3.872080000000009,0.11497130786701934,20.58,2.43352436115329,64.7,4.267819784654188,0.0002800667830641404,0.0009938151817913581
strong_spillover,50,242,low_agents,0.0,0.6,0.001,50,7.295600000000008,0.8688537135273139,0.26,0.5272183453498839,1.1,0.5050762722761054,0.0004510188062630097,0.0032868054245743946
strong_spillover,100,42,baseline_agents,0.0,0.6,0.001,100,2.519710000000004,1.8667233719471557,8.897435897435898,19.292411362946222,10.97,8.879046950403783,0.0005401418568963844,0.006883577612733624
strong_spillover,100,42,high_agents,0.0,0.6,0.001,100,3.9045500000000084,0.10558613459248309,20.36,2.451633139461337,64.76,4.465626292225782,0.00028389839258894886,0.0009881844378342346
strong_spillover,100,42,low_agents,0.0,0.6,0.001,100,7.126900000000009,0.7884029311324138,0.26,0.5245488682206026,1.14,0.4927760980691767,0.00045003770222722665,0.003245372751234368
strong_spillover,100,142,baseline_agents,0.0,0.6,0.001,100,2.596540000000002,1.923786120853332,6.506024096385542,5.232108873839015,10.26,8.101153428289509,0.0005413431414565714,0.007681031027364099
strong_spillover,100,142,high_agents,0.0,0.6,0.001,100,3.8911500000000077,0.0893507869652709,20.81,2.5611510985287356,64.92,4.507412525692282,0.0002803845725874364,0.0009858961046796144
strong_spillover,100,142,low_agents,0.0,0.6,0.001,100,7.159900000000009,0.87403799353427,0.36,0.5949280577846318,1.1,0.36237153766973934,0.00042966967459971825,0.0045171753080122425
strong_spillover,100,242,baseline_agents,0.0,0.6,0.001,100,2.522220000000002,1.949499664275459,5.855263157894737,5.0058737428968945,11.04,8.782351448769115,0.0006104847461222368,0.007075471398206959
strong_spillover,100,242,high_agents,0.0,0.6,0.001,100,3.8930000000000087,0.10800888478231398,20.72,2.3744430500603277,64.87,4.672409885852712,0.00028071293465689243,0.0009912488487550013
strong_spillover,100,242,low_agents,0.0,0.6,0.001,100,7.35780000000001,0.8905639797455331,0.29,0.49838121792844325,1.1,0.46056618647183833,0.00044505116008879136,0.00399565396500998
