tau,beta,fx_cost,n_runs,avg_gap_before_mean,avg_gap_before_std,avg_gap_after_mean,avg_gap_after_std,max_gap_after_mean,max_gap_after_std,recovery_time_mean,recovery_time_std,vol_before_mean,vol_before_std,vol_after_mean,vol_after_std,final_gap_mean,final_gap_std,recovery_b_mean,recovery_b_std
0.0,0.0,0.0,20,4.390692000000004,1.9863398658617235,12.15257400000001,2.671673736306021,13.788050000000009,2.441145858532746,0.0,0.0,0.00021608406782167494,0.0004476702735975578,0.0004180631933058209,7.360686022717222e-05,12.19025000000001,0.19120170528858418,1.0,0.0
0.0,0.0,0.001,20,1.2279900000000012,0.8505461662645774,5.146783000000004,3.827523490043225,9.400300000000007,3.3434068521415976,3.6153846153846154,6.384074737689891,0.000569518576758544,0.00017794512178893827,0.008407660816159106,0.006869449347962306,6.424150000000003,4.777285171297058,1.0,0.0
0.0,0.0,0.003,20,1.2323100000000013,0.8465102591475822,5.299160000000004,4.162863766449858,9.82445000000001,2.7680116837865687,4.0,6.114295984380816,0.0005436218432598861,0.00015498779526350927,0.008380237454860556,0.006807740995922327,6.110650000000003,5.0438424917496185,1.0,0.0
0.0,0.0,0.005,20,1.2496300000000014,0.8522297646082369,5.283914000000004,4.150068105176619,9.55705000000001,3.4221832132042325,3.4615384615384617,6.23986357510302,0.0005695091137780377,0.0001530563351790761,0.007745360410902369,0.006955328004184601,6.226750000000003,4.995210483684929,1.0,0.0
0.0,0.0,0.01,20,1.292070000000001,0.8730923512375279,6.497779000000004,4.07363195474441,10.546300000000011,1.779557754050146,4.3,6.992853494818835,0.0005066801245120446,0.0001435923334519416,0.007348823032304742,0.00656249873283674,7.031350000000003,4.79295710583989,1.0,0.0
0.0,0.2,0.0,20,4.033178000000005,1.957381785752533,7.971218000000009,1.7090345357959154,10.457250000000007,2.391028426056564,0.0,0.0,0.00021608406782167494,0.0004476702735975578,0.00059123799810394,0.00016398680289481392,7.289550000000011,0.1271784800564706,31.157894736842106,27.495985884599264
0.0,0.2,0.001,20,1.2279900000000012,0.8505461662645774,3.6947260000000037,2.4881533386078285,7.529850000000008,2.360495716782256,4.375,5.60802995712398,0.000569518576758544,0.00017794512178893827,0.008113780139243633,0.006646379361434437,4.545800000000007,3.0747481813877697,3.55,1.6693837501494853
0.0,0.2,0.003,20,1.2323100000000013,0.8465102591475822,3.7992750000000037,2.6962895688305135,7.8996500000000065,2.1745552787929574,4.533333333333333,5.767726299562651,0.0005436218432598861,0.00015498779526350927,0.00807756133928434,0.006559128639617273,4.230400000000007,3.1606922859265882,3.35,1.725200217213551
0.0,0.2,0.005,20,1.2496300000000014,0.8522297646082369,3.7972990000000033,2.6815501282062923,7.517450000000008,2.3689501000054416,4.266666666666667,5.624775127780242,0.0005695091137780377,0.0001530563351790761,0.007490223394514046,0.006717031942103106,4.3288500000000045,3.106357848281325,3.6,1.5694450913417908
0.0,0.2,0.01,20,1.292070000000001,0.8730923512375279,4.640815000000004,2.6746158358115113,8.155500000000009,1.3005698548591782,6.083333333333333,6.2734408904572145,0.0005066801245120446,0.0001435923334519416,0.006968821266443466,0.006247378006693066,4.828250000000004,2.9207448018216966,4.0,1.7167901505579042
0.0,0.4,0.0,20,3.720908000000004,1.991008006575665,5.5168680000000085,1.1292256340547346,7.830550000000008,1.8526816545639724,10.666666666666666,26.127890589687233,0.00021608406782167494,0.0004476702735975578,0.0006851480045094884,0.00022255362371207795,5.0993500000000065,0.1183239420538282,61.5,58.436743074682646
0.0,0.4,0.001,20,1.2279900000000012,0.8505461662645774,2.8613580000000023,1.6736134367843958,6.1963000000000035,1.6182018968433378,5.625,5.572252686302013,0.000569518576758544,0.00017794512178893827,0.007943281477975985,0.006525133708804186,3.5590500000000036,2.2600998924127707,8.75,6.188911986686139
0.0,0.4,0.003,20,1.2323100000000013,0.8465102591475822,2.9152760000000026,1.8107145265028493,6.562400000000006,1.7988489126456184,5.333333333333333,5.576310437488044,0.0005436218432598861,0.00015498779526350927,0.007886450172057467,0.006418246722367401,3.267000000000002,2.274283230058722,8.55,6.541165194769443
0.0,0.4,0.005,20,1.2496300000000014,0.8522297646082369,2.941206000000002,1.7819090980666348,6.081700000000006,1.4702746646370837,5.733333333333333,5.560918046852473,0.0005695091137780377,0.0001530563351790761,0.007351484640831319,0.00659498712399154,3.373550000000003,2.2308798706717576,8.9,6.060224070896528
0.0,0.4,0.01,20,1.292070000000001,0.8730923512375279,3.515606000000003,1.7924992237314668,6.36275000000001,1.3328490211415136,8.461538461538462,6.666025610204136,0.0005066801245120446,0.0001435923334519416,0.006782074036917147,0.006096041893953499,3.720600000000002,2.0709340480997858,10.6,6.107803464249217
0.0,0.6,0.0,20,3.4709330000000045,2.0543699168693728,4.004948000000008,0.7021917492027533,5.578600000000008,1.1536631999623492,20.75,37.91626111766371,0.00021608406782167494,0.0004476702735975578,0.0006974887772268131,0.00021461701126345014,3.8971000000000062,0.08900792395239773,68.94117647058823,48.537962704767615
0.0,0.6,0.001,20,1.2279900000000012,0.8505461662645774,2.392091000000002,1.176932461532726,5.614350000000001,1.536074020797313,7.3125,5.884655186726462,0.000569518576758544,0.00017794512178893827,0.007859103449329405,0.006489907908346205,2.950100000000005,1.7803144577352235,11.9,8.795333691045618
0.0,0.6,0.003,20,1.2323100000000013,0.8465102591475822,2.393792000000002,1.2685647930161112,5.644250000000003,1.9780076599021497,6.733333333333333,5.687915343285355,0.0005436218432598861,0.00015498779526350927,0.007764806721128008,0.006360508020191157,2.6998000000000033,1.7782721537019006,11.75,9.374517531444933
0.0,0.6,0.005,20,1.2496300000000014,0.8522297646082369,2.4418750000000022,1.2302604325892739,5.353600000000004,1.3259536151290072,7.333333333333333,5.802298395176403,0.0005695091137780377,0.0001530563351790761,0.007280389283105612,0.0065585675159038044,2.7989000000000033,1.7320133675186145,12.15,8.77361475045911
0.0,0.6,0.01,20,1.292070000000001,0.8730923512375279,2.832164000000003,1.2209402122109398,5.404450000000002,1.4509328931850416,10.0,6.506407098647712,0.0005066801245120446,0.0001435923334519416,0.006712253894451073,0.006049641272909151,3.070900000000003,1.6055733489776745,14.75,8.813118212731458
0.1,0.0,0.0,20,4.484808000000002,2.496609117514982,11.542695000000009,2.9312111101969625,13.26500000000001,2.532667347824589,0.0,0.0,0.00011480675674658401,0.0001982090070017542,0.0004150936174192028,7.044998425922544e-05,12.19025000000001,0.19120170528858418,1.0,0.0
0.1,0.0,0.001,20,1.2207600000000014,0.7102788291635171,5.371952000000004,4.217977780742561,9.728350000000006,3.2708940718016803,5.3076923076923075,6.434083920608736,0.0005388279824195374,0.00014612846876742191,0.0075387651856697,0.006676260771654228,5.581800000000003,5.269170908516628,1.0,0.0
0.1,0.0,0.003,20,1.2444100000000007,0.7109133028051068,5.702363000000004,4.070413045805579,9.739400000000007,3.2817552812962454,9.25,12.5707090998371,0.0005204207698566774,0.00015243128937511075,0.007233927003893734,0.00656196074806241,5.9032500000000026,5.133548202241497,1.0,0.0
0.1,0.0,0.005,20,1.2598800000000006,0.743594044312381,5.9042040000000044,4.34033575938957,9.910000000000007,3.0692007531534826,3.6666666666666665,5.613835722137896,0.0005520839854153824,0.00020176570389172414,0.00636479077983818,0.006812319595599437,5.976900000000004,5.239448021349301,1.0,0.0
0.1,0.0,0.01,20,1.2911600000000005,0.7626417455135805,5.832209000000004,3.366109020490952,10.426400000000008,2.2620779780872695,5.4,8.809086218218097,0.0005549590615008075,0.00018653859103663926,0.0083462616269566,0.006757010509056776,6.365150000000004,4.47197289883277,1.0,0.0
0.1,0.2,0.0,20,4.2168860000000015,2.5111824299455736,7.616209000000009,1.822305209291099,9.863250000000013,2.61115697032641,0.0,0.0,0.00011480675674658401,0.0001982090070017542,0.0005729806290515548,0.00016025141260301123,7.289550000000011,0.1271784800564706,24.105263157894736,22.654150311053147
0.1,0.2,0.001,20,1.2207600000000014,0.7102788291635171,3.8643550000000033,2.6613957384395572,7.441950000000003,2.2656351375090846,5.714285714285714,5.979819542280667,0.0005388279824195374,0.00014612846876742191,0.007220995225446997,0.006353905437119514,3.7710500000000025,3.119497875839709,3.95,1.5035046776746235
0.1,0.2,0.003,20,1.2444100000000007,0.7109133028051068,4.108373000000004,2.5642985845463353,7.4363500000000045,2.301641319969185,7.857142857142857,10.71201441126984,0.0005204207698566774,0.00015243128937511075,0.006872713338930077,0.006283762634055894,4.0024000000000015,3.028952370566089,3.9,1.4473205733717958
0.1,0.2,0.005,20,1.2598800000000006,0.743594044312381,4.276718000000003,2.716897180852108,7.668250000000006,2.1373892799886796,4.75,5.395705362937858,0.0005520839854153824,0.00020176570389172414,0.006184347032988165,0.006528294484316933,3.997550000000003,2.9926510598112683,3.8,1.4725559590832464
0.1,0.2,0.01,20,1.2911600000000005,0.7626417455135805,4.253130000000004,2.119919166160033,8.050850000000006,1.4966419701592302,5.5,5.734510910671928,0.0005549590615008075,0.00018653859103663926,0.008032189043394528,0.006481870700647783,4.5247500000000045,2.7687982168784897,3.8,1.4725559590832464
0.1,0.4,0.0,20,3.9785820000000016,2.561407219568753,5.289468000000008,1.1702062980949355,7.430950000000007,1.9528681599124904,0.0,0.0,0.00011480675674658401,0.0001982090070017542,0.0006597147335509734,0.0002125048658966706,5.096450000000007,0.1168415368644301,58.94736842105263,61.98967089963951
0.1,0.4,0.001,20,1.2207600000000014,0.7102788291635171,2.952606000000003,1.7287869961772608,6.182150000000006,1.5635225167954323,6.428571428571429,5.258169990438845,0.0005388279824195374,0.00014612846876742191,0.007033538184478108,0.006188942686900067,2.9099000000000017,2.1486671241786937,9.4,5.660574640719606
0.1,0.4,0.003,20,1.2444100000000007,0.7109133028051068,3.1561270000000037,1.6434154589086765,6.077850000000006,1.6011203404918855,9.071428571428571,10.25418703010393,0.0005204207698566774,0.00015243128937511075,0.0066594581594548365,0.006155535604351992,3.091350000000001,2.082984657067586,9.75,5.618344015248995
0.1,0.4,0.005,20,1.2598800000000006,0.743594044312381,3.2853150000000033,1.7460720030957353,6.3924500000000055,1.7231449667151624,5.166666666666667,4.468746688915917,0.0005520839854153824,0.00020176570389172414,0.0060794964582013954,0.006374687055415094,3.0640000000000023,2.00674182117235,9.6,5.825533632660888
0.1,0.4,0.01,20,1.2911600000000005,0.7626417455135805,3.305403000000003,1.3901282384809381,6.483400000000006,1.4351979287669152,14.2,22.104298224553528,0.0005549590615008075,0.00018653859103663926,0.007854889156467922,0.006365533368891914,3.555000000000004,1.971521133274351,9.85,5.101857246966152
0.1,0.6,0.0,20,3.7793610000000015,2.629186237590591,3.8505790000000077,0.7406371076018562,5.526250000000006,1.379874207653494,36.90909090909091,84.36877923195826,0.00011480675674658401,0.0001982090070017542,0.0006784388205469424,0.00021205414844901663,3.8976000000000064,0.0888756671453234,47.4375,39.82288914682108
0.1,0.6,0.001,20,1.2207600000000014,0.7102788291635171,2.395565000000002,1.142714923142992,5.713050000000002,1.6291920979753325,5.857142857142857,4.959173982974039,0.0005388279824195374,0.00014612846876742191,0.006940050017495607,0.0061469362070423516,2.4082500000000038,1.6001930763439047,12.85,8.96352256884007
0.1,0.6,0.003,20,1.2444100000000007,0.7109133028051068,2.5862620000000027,1.0471466770007407,5.609900000000005,1.6527045744858067,8.714285714285714,10.417651968052711,0.0005204207698566774,0.00015243128937511075,0.006541330218192342,0.006143778663597577,2.5565500000000028,1.548619571203919,13.45,8.976431127651662
0.1,0.6,0.005,20,1.2598800000000006,0.743594044312381,2.673666000000003,1.1473728990148295,5.902050000000005,1.9241273750100731,5.583333333333333,4.481443219916251,0.0005520839854153824,0.00020176570389172414,0.006022613716850396,0.006328233951235759,2.534050000000004,1.4631807268665415,13.35,9.432725787887279
0.1,0.6,0.01,20,1.2911600000000005,0.7626417455135805,2.758003000000003,0.9466945671017686,5.568250000000003,1.9185082712467285,14.266666666666667,16.3378030813145,0.0005549590615008075,0.00018653859103663926,0.007792687588140747,0.0063797802058214795,2.968200000000004,1.5110938039084598,13.25,7.8396764165231625
0.3,0.0,0.0,20,5.013309999999997,2.4259796550758814,10.35659200000001,2.9598869600634576,12.358200000000007,2.6064106514919176,0.0,0.0,6.325230108578251e-05,9.936628615336471e-05,0.0004186288653898306,7.390115189344565e-05,12.19025000000001,0.19120170528858418,1.0,0.0
0.3,0.0,0.001,20,1.364750000000002,0.76386584624045,6.072970000000008,3.4306772928879297,10.155250000000006,2.299782252278405,5.666666666666667,7.4018834621924965,0.0005518957146920106,0.0001673973757374595,0.006861860879480816,0.006779644634800715,6.490400000000008,4.57484213590164,1.0,0.0
0.3,0.0,0.003,20,1.3882100000000022,0.7618508639111152,5.880315000000006,3.7795170118771058,10.563200000000005,1.6694679455001935,4.916666666666667,6.5151338970868204,0.0005366649797952736,0.00017296682011992158,0.007654887783702939,0.006813783819486451,5.723750000000006,4.711629664150751,1.0,0.0
0.3,0.0,0.005,20,1.3629600000000017,0.7825236652886927,6.474312000000007,4.054909333273617,10.738350000000008,1.7288432480464468,5.090909090909091,6.803742285750475,0.0005118682497913622,0.0001627860673813096,0.006990072164140715,0.00682218128486945,6.550100000000006,5.054196160773636,1.0,0.0
0.3,0.0,0.01,20,1.3640100000000026,0.8123305769269884,6.945074000000007,4.025080163386619,11.220200000000009,1.1756176696797112,6.444444444444445,7.333333333333333,0.0004885181228307107,0.00016109222197510499,0.007398504393151701,0.006565890690186664,6.947600000000006,5.135717091322817,1.0,0.0
0.3,0.2,0.0,20,4.816236999999997,2.457351376226676,6.840778000000009,1.846663995424125,8.799200000000008,2.6525816342415913,0.0,0.0,6.325230108578251e-05,9.936628615336471e-05,0.0005324779659545201,0.00016994020282988826,7.290050000000011,0.12750169245522908,17.3,21.645711864137503
0.3,0.2,0.001,20,1.364750000000002,0.76386584624045,4.534736000000008,2.2347106428453616,7.8369500000000105,2.1879780013086343,22.46153846153846,57.353604049230405,0.0005518957146920106,0.0001673973757374595,0.0066028345650465765,0.006490866011910847,4.539250000000008,2.7392005148448573,3.5,1.4327007988227578
0.3,0.2,0.003,20,1.3882100000000022,0.7618508639111152,4.406572000000006,2.531941999496999,8.418250000000006,1.7150242556210162,5.833333333333333,6.350852961085884,0.0005366649797952736,0.00017296682011992158,0.007428943191355232,0.006553147789117737,3.994450000000005,2.7854593210002894,3.45,1.5719582155957417
0.3,0.2,0.005,20,1.3629600000000017,0.7825236652886927,4.689462000000007,2.6164945835855753,8.322700000000008,1.6179769727071291,6.0,6.6332495807108,0.0005118682497913622,0.0001627860673813096,0.006780077543931849,0.006546305440185182,4.399100000000008,2.9511536174323814,3.75,1.51744244666721
0.3,0.2,0.01,20,1.3640100000000026,0.8123305769269884,4.934955000000007,2.5589844977780625,8.394050000000007,1.2186640863105647,7.818181818181818,7.054334579791092,0.0004885181228307107,0.00016109222197510499,0.007063097499676566,0.006244395925032708,4.607900000000007,2.9704475633001532,4.4,1.5008769366431642
0.3,0.4,0.0,20,4.641875999999997,2.5228938902825933,4.766361000000009,1.1704539541018402,6.5264500000000085,2.0416292636029665,0.0,0.0,6.325230108578251e-05,9.936628615336471e-05,0.0005926021714971327,0.00021982975364972832,5.096450000000007,0.1168415368644301,39.6,57.35888863343813
0.3,0.4,0.001,20,1.364750000000002,0.76386584624045,3.6126380000000067,1.4935342972313448,6.511250000000009,2.0616400950648366,16.083333333333332,27.33116214584415,0.0005518957146920106,0.0001673973757374595,0.006435277523698442,0.006336047959208534,3.5418500000000073,1.8966983300628395,8.578947368421053,5.284314204150538
0.3,0.4,0.003,20,1.3882100000000022,0.7618508639111152,3.5222430000000045,1.7654187927100184,6.986350000000006,2.206644184109247,7.416666666666667,6.529072512906246,0.0005366649797952736,0.00017296682011992158,0.00729386550576154,0.006408424795025214,3.1163500000000055,1.903381624345142,8.3,5.939165278936621
0.3,0.4,0.005,20,1.3629600000000017,0.7825236652886927,3.6266020000000063,1.733770671157009,6.783050000000008,1.9277211109439427,24.833333333333332,60.23413911687885,0.0005118682497913622,0.0001627860673813096,0.006645696242558864,0.006407842452738218,3.3564000000000065,2.002590832423157,9.85,6.115338782197814
0.3,0.4,0.01,20,1.3640100000000026,0.8123305769269884,3.7070580000000057,1.6438565199893798,6.583250000000007,1.465978777580288,15.75,24.610142033500964,0.0004885181228307107,0.00016109222197510499,0.0068585356746521135,0.0061020443425442595,3.4981000000000053,2.0017626416946195,11.75,5.856844848461274
0.3,0.6,0.0,20,4.495234999999997,2.59794876119704,3.499098000000007,0.7349089980441914,5.053900000000007,1.3792154100677694,4.4,11.764352935882194,6.325230108578251e-05,9.936628615336471e-05,0.0006119034660117753,0.00021437374286096308,3.8981000000000066,0.0894844296953095,32.111111111111114,33.92533131120702
0.3,0.6,0.001,20,1.364750000000002,0.76386584624045,3.0583590000000056,1.0358527051859545,5.988050000000003,2.123681125707017,11.416666666666666,14.71213681614502,0.0005518957146920106,0.0001673973757374595,0.006338062858115216,0.0062979469629777275,2.9521500000000076,1.421847288972309,11.789473684210526,8.606063413976225
0.3,0.6,0.003,20,1.3882100000000022,0.7618508639111152,2.977758000000004,1.2698033387543088,6.498550000000003,2.2647513276993108,7.833333333333333,6.464354475729095,0.0005366649797952736,0.00017296682011992158,0.007235957568107446,0.006374887132388535,2.6065500000000035,1.4214367629453803,11.6,9.643104981498983
0.3,0.6,0.005,20,1.3629600000000017,0.7825236652886927,2.9763490000000052,1.1662944408857754,6.068250000000007,2.0306136452599235,15.583333333333334,27.674925747895244,0.0005118682497913622,0.0001627860673813096,0.006560921539336117,0.00637796774324364,2.765750000000005,1.484750621449523,13.95,9.95503046599795
0.3,0.6,0.01,20,1.3640100000000026,0.8123305769269884,2.950754000000005,1.0561648557343843,5.446850000000009,1.713595244077877,13.25,16.42129991532616,0.0004885181228307107,0.00016109222197510499,0.006737928829481196,0.006099567948192808,2.8657500000000042,1.4789915438710646,16.8,9.46239092963629
0.5,0.0,0.0,20,3.3869569999999976,1.4519020955288466,11.11983200000001,2.2306591046679225,12.66230000000001,2.247525893533881,0.0,,0.00017709829755526953,0.0003761187866178404,0.00044609457601077945,8.633556850915686e-05,12.19025000000001,0.19120170528858418,1.0,0.0
0.5,0.0,0.001,20,1.7816000000000052,1.2461011921399647,6.43039000000001,3.2732212018036377,10.265550000000008,3.1961170434236523,3.1,6.384877968032487,0.0004317962552706593,0.00010821690466840625,0.004926819998688445,0.006478710782879472,5.995050000000011,3.8721543503788576,1.0,0.0
0.5,0.0,0.003,20,1.808960000000005,1.2345056365755687,5.392574000000008,3.358698409112174,10.239600000000005,3.1449993289263753,3.1666666666666665,4.7065396154197146,0.0004613827033201218,0.0001305827577462236,0.007061212018690882,0.0069217757244102686,4.768800000000009,3.580322708183841,1.0,0.0
0.5,0.0,0.005,20,1.8134500000000053,1.2585162941462416,6.840643000000009,3.804603452103643,10.255400000000009,3.555645169082685,0.8571428571428571,0.8997354108424372,0.0004177534690082131,0.0001499692002345654,0.0051178174707619045,0.006605318091701545,6.4650500000000095,3.958883594292449,1.0,0.0
0.5,0.0,0.01,20,1.8348600000000044,1.275345212461072,8.267638000000009,3.6212950121419567,10.861450000000012,3.0936072876174836,2.4,4.33589667773576,0.00038295973456770564,0.00011137803658201829,0.003578464375300529,0.005558750239558387,8.322200000000008,4.138747428109644,1.0,0.0
0.5,0.2,0.0,20,3.2261869999999973,1.3217330582355242,7.362453000000009,1.4062248737483003,8.995950000000008,2.4944485831964034,0.0,0.0,0.00017709829755526953,0.0003761187866178404,0.000587259570300862,0.0001665082673895797,7.290050000000011,0.12750169245522908,13.15,16.98691446843407
0.5,0.2,0.001,20,1.7816000000000052,1.2461011921399647,4.902658000000009,2.313575494755389,8.092400000000007,2.8576160362313066,10.916666666666666,21.41137477363305,0.0004317962552706593,0.00010821690466840625,0.004790909416386081,0.006152924038544862,4.34955000000001,2.3859981796216676,4.15,1.8715318802914815
0.5,0.2,0.003,20,1.808960000000005,1.2345056365755687,4.224996000000007,2.3386519195252116,8.279800000000009,2.7786831148282403,9.857142857142858,19.638491023251497,0.0004613827033201218,0.0001305827577462236,0.006836033080685451,0.006591239798151081,3.5903500000000066,2.200694657674208,4.0,2.1026299321513875
0.5,0.2,0.005,20,1.8134500000000053,1.2585162941462416,5.128977000000008,2.531275148372749,8.123450000000009,3.109101079682713,11.0,21.624060673240816,0.0004177534690082131,0.0001499692002345654,0.005006031592100011,0.006256059223455607,4.550600000000008,2.1727050663316367,4.3,2.129986409642831
0.5,0.2,0.01,20,1.8348600000000044,1.275345212461072,5.926113000000009,2.237446143010986,8.388650000000009,2.695305788237257,17.333333333333332,34.194297770242336,0.00038295973456770564,0.00011137803658201829,0.003426298038843186,0.005028583090247078,5.53995000000001,2.149804017383422,4.95,2.350251946180731
0.5,0.4,0.0,20,3.084553999999998,1.2524771796067926,5.098671000000008,0.9519999404129792,6.6224000000000105,2.0071067524647184,0.0,0.0,0.00017709829755526953,0.0003761187866178404,0.0006500272974177389,0.00022162264616864413,5.096450000000007,0.1168415368644301,31.3,32.11836660984195
0.5,0.4,0.001,20,1.7816000000000052,1.2461011921399647,3.942869000000008,1.717258820212887,6.878400000000008,2.4954044372131703,13.692307692307692,20.204721458876122,0.0004317962552706593,0.00010821690466840625,0.00474384584217184,0.005971591796362669,3.472850000000009,1.719102130244312,9.35,6.815423684555496
0.5,0.4,0.003,20,1.808960000000005,1.2345056365755687,3.492731000000007,1.6825103259428213,7.142350000000006,2.507367612604276,12.266666666666667,18.858369368481867,0.0004613827033201218,0.0001305827577462236,0.006702999250171491,0.006387985385477377,2.9571000000000067,1.5741630324180471,8.15,7.125011542003579
0.5,0.4,0.005,20,1.8134500000000053,1.2585162941462416,4.077413000000008,1.7456764440094512,6.820000000000007,2.6414180601375983,9.636363636363637,13.298667055556562,0.0004177534690082131,0.0001499692002345654,0.0049694135530395315,0.006059825695057202,3.5928500000000083,1.4028132739530754,10.0,7.847225456708955
0.5,0.4,0.01,20,1.8348600000000044,1.275345212461072,4.499644000000008,1.4200478489877506,6.7578500000000075,2.41630246614424,11.666666666666666,14.79864858694874,0.00038295973456770564,0.00011137803658201829,0.0033404963194333184,0.004729043836848798,4.185100000000007,1.3403092691025082,12.55,7.653516563611376
0.5,0.6,0.0,20,2.9680859999999982,1.2277608616476088,3.661011000000008,0.6700196254305586,4.858150000000011,1.2567242412005328,15.214285714285714,33.88255410277497,0.00017709829755526953,0.0003761187866178404,0.000642887753423866,0.0002337494293225849,3.8981000000000066,0.0894844296953095,40.65,39.26733609771009
0.5,0.6,0.001,20,1.7816000000000052,1.2461011921399647,3.340184000000008,1.340016424889128,6.332650000000006,2.295496673122355,18.642857142857142,25.242233056334964,0.0004317962552706593,0.00010821690466840625,0.004764284504617323,0.005898743705738112,2.9344000000000108,1.3623902138289343,11.8,9.506784281155277
0.5,0.6,0.003,20,1.808960000000005,1.2345056365755687,3.0361050000000067,1.275529011242418,6.645900000000006,2.2221699423382515,16.625,24.113274352522097,0.0004613827033201218,0.0001305827577462236,0.006641590683056519,0.006283187841297854,2.564950000000009,1.2405769657279406,9.85,9.675117298350553
0.5,0.6,0.005,20,1.8134500000000053,1.2585162941462416,3.4113640000000074,1.2685223209720102,6.165650000000006,2.241853656780714,17.416666666666668,25.808590301163942,0.0004177534690082131,0.0001499692002345654,0.0049927561121931845,0.005991522302734097,3.026100000000009,1.0445907231769622,13.1,11.36893273702274
0.5,0.6,0.01,20,1.8348600000000044,1.275345212461072,3.5898420000000066,0.9434606302086399,5.699400000000005,2.1813837086149057,12.6,10.946333734279357,0.00038295973456770564,0.00011137803658201829,0.0032992304724362813,0.004619617328429721,3.4110500000000075,0.957414361980387,17.4,11.522974762118551
1.0,0.0,0.0,20,2.819597000000004,2.0474745324477506,12.328838000000008,1.4715772296331369,13.24730000000001,2.0170083396221403,,,0.0001156300433571827,0.00030115288498889337,0.0005535380268675078,0.00011362082042484704,12.189700000000009,0.1913514539985725,1.0,0.0
1.0,0.0,0.001,20,4.58415000000001,1.9176347183856197,10.112056000000008,3.478939242147179,12.871100000000009,3.471509513923758,1.8,3.492849839314596,0.0003518053699110916,0.00014606136144750513,0.0019086692011095463,0.004267582260466119,8.183700000000007,3.60529632478021,1.0,0.0
1.0,0.0,0.003,20,4.63274000000001,1.904798582085726,10.119373000000008,3.4974875832819747,12.873450000000009,3.5568678485579506,1.8,3.492849839314596,0.0003426307974609723,0.0001530191385890123,0.0019102411908427023,0.004267105281179635,8.178200000000007,3.616894416630466,1.0,0.0
1.0,0.0,0.005,20,4.64134000000001,1.9002497476855387,9.745147000000006,3.819880833491374,12.52230000000001,3.8164154041249376,2.7142857142857144,4.347960660443227,0.0003137466367869907,0.0001632638435529449,0.002461574145507977,0.004846487254106971,8.219200000000004,3.860807872917138,1.0,0.0
1.0,0.0,0.01,20,4.726340000000009,1.828548343531444,10.36355200000001,3.3507385084384946,12.765550000000008,3.6186644595834827,2.0,3.0550504633038935,0.0002611176329396926,0.000166297882728335,0.0025264496038600467,0.005015199386971755,9.50825000000001,3.274164367076212,1.0,0.0
1.0,0.2,0.0,20,2.732763000000004,1.9242174330609882,8.270531000000009,0.9441746568461404,10.15755000000001,2.294381661340315,71.0,,0.0001156300433571827,0.00030115288498889337,0.0007751988514845018,0.00017291582161373283,7.289550000000011,0.1271784800564706,10.85,9.975100579891281
1.0,0.2,0.001,20,4.58415000000001,1.9176347183856197,7.719493000000007,1.987293344990408,11.02995000000001,3.0853551612500993,64.61538461538461,78.20117055980093,0.0003518053699110916,0.00014606136144750513,0.002075549822054569,0.004000033010812788,5.684900000000008,1.6584497168011745,9.6,11.762563272384218
1.0,0.2,0.003,20,4.63274000000001,1.904798582085726,7.732547000000008,1.9893648492582292,11.04395000000001,3.1021844676054697,68.35714285714286,76.32280347098323,0.0003426307974609723,0.0001530191385890123,0.0020770837446918355,0.003999611887393108,5.679400000000007,1.677213020397074,9.45,11.949344840001194
1.0,0.2,0.005,20,4.64134000000001,1.9002497476855387,7.385834000000007,2.0667941492292905,10.689850000000007,3.426149507829452,50.0,76.10190536379493,0.0003137466367869907,0.0001632638435529449,0.0024948448463482237,0.004413271936227321,5.739100000000006,1.7229725507176021,9.65,11.779889196154784
1.0,0.2,0.01,20,4.726340000000009,1.828548343531444,7.71235000000001,1.9504218086028684,10.77265000000001,3.240938448805742,36.90909090909091,56.707062250577835,0.0002611176329396926,0.000166297882728335,0.002596038165661115,0.004645107615034987,6.54010000000001,1.4932110190352947,8.15,5.896252154859408
1.0,0.4,0.0,20,2.665069000000004,1.8493704717520634,5.817131000000009,0.6721931259290855,7.81160000000001,2.086213931604583,55.8,58.72989017527617,0.0001156300433571827,0.00030115288498889337,0.0009034052500583197,0.00022340936344061242,5.096450000000007,0.1168415368644301,27.9,16.160054715905286
1.0,0.4,0.001,20,4.58415000000001,1.9176347183856197,6.160271000000008,1.3196390627978956,9.68350000000001,2.84637746692362,29.75,26.478922435275447,0.0003518053699110916,0.00014606136144750513,0.0022204708948234918,0.003839955746441357,4.491050000000006,1.0765222991310097,21.3,30.209966985469514
1.0,0.4,0.003,20,4.63274000000001,1.904798582085726,6.180274000000008,1.316181014300166,9.697450000000007,2.8583642815060273,28.375,24.157469514279292,0.0003426307974609723,0.0001530191385890123,0.00222313593722474,0.0038392671571716615,4.4865500000000065,1.0980170871549348,21.2,30.505564634738537
1.0,0.4,0.005,20,4.64134000000001,1.9002497476855387,5.881315000000006,1.2474543557665971,9.357700000000008,3.0384935689286974,24.4375,25.93316730880875,0.0003137466367869907,0.0001632638435529449,0.0025200319531603088,0.004120991193055507,4.601450000000005,1.0948263248474361,22.75,30.530183511783186
1.0,0.4,0.01,20,4.726340000000009,1.828548343531444,6.014722000000008,1.4901604151429302,9.17120000000001,2.9373972474749954,20.866666666666667,21.72841019319659,0.0002611176329396926,0.000166297882728335,0.0026620006998611585,0.004417663064059626,5.134700000000008,1.1928314435122773,20.15,17.786082672755835
1.0,0.6,0.0,20,2.610718000000004,1.8045519223038597,4.230676000000008,0.5042114908646969,5.796500000000006,1.714325845708206,21.375,22.50674502073926,0.0001156300433571827,0.00030115288498889337,0.0009235645826934367,0.00026039957887659593,3.8975000000000066,0.08884907368530556,38.85,20.15538324329782
1.0,0.6,0.001,20,4.58415000000001,1.9176347183856197,5.1130440000000075,1.0751409049314626,8.509350000000008,3.0220347497915006,27.058823529411764,47.86500625226546,0.0003518053699110916,0.00014606136144750513,0.0023336454867889747,0.0037739200343241863,3.8048500000000063,1.036472422005981,21.68421052631579,28.380456169654163
1.0,0.6,0.003,20,4.63274000000001,1.904798582085726,5.138320000000007,1.0808755676570263,8.52335000000001,3.028007426727318,17.941176470588236,18.44068392249625,0.0003426307974609723,0.0001530191385890123,0.002335534656061765,0.003773521532787505,3.7993500000000062,1.0596471247294388,23.736842105263158,36.21823068453412
1.0,0.6,0.005,20,4.64134000000001,1.9002497476855387,4.896494000000006,0.978632838716716,8.097600000000005,3.0358463729246905,15.235294117647058,18.34574000880281,0.0003137466367869907,0.0001632638435529449,0.0025235559436529733,0.003962807757566575,3.9557500000000045,1.0889497535650896,26.05263157894737,36.09935931135148
1.0,0.6,0.01,20,4.726340000000009,1.828548343531444,4.905628000000008,1.4259499522242796,7.667200000000006,2.940985255604694,14.235294117647058,16.81713936644958,0.0002611176329396926,0.000166297882728335,0.0027046894154878058,0.004323642912269045,4.325450000000009,1.3233442276055187,28.3,27.168286465540742
